{"cameraMode":{"drawMode":0,"name":"Shaded","section":"Shading Mode"},"sceneLighting":true,"audioPlay":false,"sceneViewState":{"showFog":true,"showMaterialUpdate":false,"showSkybox":true,"showFlares":true,"showImageEffects":true,"showParticleSystems":true},"in2DMode":false,"pivot":{"x":-5.182177543640137,"y":0.09190124273300171,"z":-4.7601165771484379},"rotation":{"x":-0.09188136458396912,"y":0.8797557353973389,"z":-0.18910247087478639,"w":-0.426568865776062},"size":1.6869440078735352,"orthographic":false}